roc_auc,accuracy,precision,recall,f1,true_negative,false_positive,false_negative,true_positive,model_name
0.9997391792319328,0.9956538917423943,0.9891304347826086,0.9891304347826086,0.9891304347826086,4039,11,11,1001,GradientBoosting
0.9995256916996047,0.9924930857368629,0.9728155339805825,0.9901185770750988,0.9813907933398629,4022,28,10,1002,RandomForest
0.9981530278631728,0.9768866060845516,0.9035166816952209,0.9901185770750988,0.9448373408769448,3943,107,10,1002,LogisticRegression
