roc_auc,accuracy,precision,recall,f1,true_negative,false_positive,false_negative,true_positive,model_name,explainability_method
0.9997391792319328,0.9956538917423943,0.9891304347826086,0.9891304347826086,0.9891304347826086,4039,11,11,1001,GradientBoosting,feature_importance
0.9995232518420925,0.9922955353615172,0.9718719689621726,0.9901185770750988,0.9809104258443465,4021,29,10,1002,RandomForest,feature_importance
0.9981530278631728,0.9768866060845516,0.9035166816952209,0.9901185770750988,0.9448373408769448,3943,107,10,1002,LogisticRegression,coefficient_abs
