roc_auc,accuracy,precision,recall,f1,true_negative,false_positive,false_negative,true_positive,model_name
0.9998914263407017,0.99585144211774,0.9891411648568608,0.9901185770750988,0.9896296296296296,4039,11,10,1002,XGBoost
0.9998809349533988,0.9956538917423943,0.9891304347826086,0.9891304347826086,0.9891304347826086,4039,11,11,1001,LightGBM
0.9997391792319328,0.9956538917423943,0.9891304347826086,0.9891304347826086,0.9891304347826086,4039,11,11,1001,GradientBoosting
0.9995256916996047,0.9924930857368629,0.9728155339805825,0.9901185770750988,0.9813907933398629,4022,28,10,1002,RandomForest
0.9981422924901185,0.9766890557092058,0.9034296028880866,0.9891304347826086,0.9443396226415094,3943,107,11,1001,LogisticRegression
